hospital_id,license_num,license_beds,staffed_beds,icu_beds,pedi_ice_beds,bed_utilization,potential_increase,avg_ventilator_use
4,4,160,160,10,20,0.296323925,0,2
5,5,25,25,6,0,0.499068499,0,2
6,6,150,129,17,0,0.770054162,21,3
7,7,37,37,1,0,0,0,1
8,8,25,25,4,0,0.266410947,0,1
9,9,71,31,0,0,0.245036444,40,0
10,10,50,20,0,0,0.283746295,30,0
11,11,45,20,0,0,0.192736485,25,0
12,12,155,135,20,5,0.705074686,20,2